POS_0_9_CP,POS_10_19_CP,POS_20_29_CP,POS_30_39_CP,POS_40_49_CP,POS_50_59_CP,POS_60_69_CP,POS_70_79_CP,POS_80_89_CP,POS_90_CP,DTH_CUM_CP
24,51,44,51,60,75,72,61,27,0,3
22,31,214,177,62,46,24,9,0,0,2
84,126,239,194,159,171,125,74,24,8,9
65,76,80,110,82,81,55,49,56,34,7
99,107,339,287,139,147,110,71,37,0,12
42,56,196,142,87,99,94,41,15,0,3
226,334,264,360,351,355,264,129,93,21,23
129,192,172,215,180,222,133,89,20,0,3
161,232,263,275,299,291,250,145,49,12,10
92,163,237,219,195,200,188,104,42,20,12
78,77,499,327,98,78,50,13,0,0,2
37,54,32,60,63,84,103,73,32,0,1
74,100,84,115,117,168,171,104,46,10,12
224,241,238,354,256,209,146,63,30,7,4
118,123,160,165,146,123,112,81,37,11,1
94,133,175,198,172,154,80,52,25,0,6
94,143,134,142,128,85,48,19,5,0,4
167,225,243,235,188,162,97,54,30,11,14
130,281,437,416,370,258,151,83,27,5,3
122,145,190,274,183,150,122,45,14,6,8
137,194,183,222,259,265,222,103,36,8,9
57,68,71,94,62,55,82,44,12,0,4
166,258,383,458,324,338,220,106,27,9,19
136,122,186,175,128,149,78,46,12,0,1
150,309,220,273,300,342,242,110,52,6,9
65,105,122,116,115,170,130,94,35,0,8
118,173,77,86,136,148,112,52,26,5,4
63,108,67,106,98,106,104,60,30,8,6
52,49,217,173,112,70,53,15,7,0,5
201,321,342,317,253,148,96,30,14,0,10
334,428,277,476,511,302,172,59,24,5,13
12,36,31,37,46,53,101,55,32,8,3
228,401,431,461,476,448,196,70,49,17,30
130,222,127,159,218,265,144,54,36,17,11
69,86,209,267,144,125,96,39,23,5,4
111,129,176,247,189,194,230,78,48,8,11
51,35,115,82,48,46,31,11,0,0,4
43,29,113,92,73,74,80,25,0,0,1
36,44,194,147,104,149,94,76,22,5,17
175,204,225,260,210,184,113,46,42,22,11
121,342,740,213,135,128,128,60,54,30,10
78,119,142,160,170,137,120,74,19,0,14
15,25,62,53,27,27,36,14,0,0,4
55,69,129,133,93,88,67,40,20,0,0
139,206,217,270,179,204,121,58,23,6,11
77,87,151,127,82,117,115,37,14,10,5
51,121,146,164,228,248,213,92,33,8,11
29,66,74,79,73,107,111,70,32,11,11
167,268,402,344,257,316,238,134,111,41,20
97,196,252,276,241,363,276,114,55,16,25
122,138,233,239,189,164,97,55,12,0,9
215,346,778,340,224,160,135,88,26,6,12
17,23,201,104,67,47,39,24,36,38,7
53,74,204,133,101,63,45,25,11,0,4
76,140,174,170,167,179,108,44,34,10,5
182,220,326,374,253,201,112,74,23,6,9
104,198,239,326,191,187,100,77,26,6,6
162,224,248,280,234,289,175,137,47,13,15
51,80,93,100,106,199,113,51,29,6,6
73,89,133,124,118,68,46,30,9,0,4
64,121,182,176,134,131,88,46,36,11,12
181,213,284,285,253,160,98,70,52,25,5
73,134,122,140,172,179,173,89,31,0,13
72,111,159,190,144,113,75,28,0,0,5
153,200,227,240,212,150,99,47,20,6,2
135,265,668,261,216,170,100,45,21,5,2
63,150,137,146,152,177,145,77,34,5,11
65,119,197,168,138,147,122,68,38,17,9
279,515,392,469,457,443,357,165,64,28,26
57,53,101,102,78,72,73,55,35,15,9
46,131,285,125,119,78,82,37,14,0,7
180,237,254,233,193,125,76,42,16,17,6
127,162,119,187,163,137,97,60,18,8,2
64,90,125,138,126,91,68,25,6,0,1
99,92,225,189,146,173,127,71,46,15,19
54,72,58,95,88,93,84,61,35,13,8
50,52,148,196,111,71,50,22,0,0,5
75,97,111,112,98,88,74,30,11,0,5
122,167,244,253,181,207,161,97,80,32,26
81,106,230,281,203,164,192,90,44,16,13
140,216,147,206,205,237,155,87,42,24,7
141,147,246,265,171,116,70,38,14,0,6
52,104,128,132,138,79,74,26,0,0,3
118,149,202,264,190,193,149,93,20,0,4
105,226,300,229,163,195,89,54,27,14,10
126,201,251,238,197,154,113,57,34,17,12
19,94,489,92,32,34,43,14,6,0,2
67,79,113,120,65,55,52,27,17,0,8
279,465,356,457,426,361,277,115,32,7,6
165,218,139,228,204,183,142,75,26,5,7
56,105,86,115,118,165,150,103,45,17,11
80,124,148,167,126,117,85,52,17,5,4
135,179,150,230,253,306,242,107,39,11,8
39,70,100,98,69,57,34,20,7,0,4
104,188,208,264,212,216,151,65,26,0,8
62,113,155,147,174,118,122,68,48,26,23
158,184,398,349,238,223,197,131,38,16,19
136,296,270,312,367,408,329,168,58,29,16
63,124,130,133,96,103,56,17,8,0,7
50,75,65,106,117,110,79,41,25,0,5
28,65,97,85,56,43,43,20,8,0,7
182,282,288,378,288,346,275,126,49,10,11
57,90,70,99,85,101,67,50,12,0,3
79,70,128,134,93,85,66,52,13,0,0
84,160,150,202,129,170,148,79,32,0,3
86,149,185,177,133,107,50,34,9,0,8
49,58,50,62,60,78,83,35,17,0,3
69,150,130,184,187,199,161,82,43,26,18
114,175,213,248,202,189,173,138,111,52,47
58,73,63,84,72,159,221,113,50,13,6
31,55,62,70,76,93,83,42,26,6,4
62,77,87,111,129,145,108,54,17,0,7
103,156,211,194,176,176,147,69,41,13,14
64,104,157,194,144,132,111,45,14,5,5
138,210,147,187,168,158,86,51,24,15,5
118,158,194,231,200,158,105,70,26,0,3
97,156,165,149,158,200,163,69,33,7,10
95,184,228,287,271,292,207,102,35,7,11
25,50,53,45,58,53,95,54,19,5,6
129,181,336,296,213,196,169,62,43,7,10
53,86,102,113,77,61,33,28,12,0,4
54,73,111,104,80,112,85,50,28,0,3
81,120,301,243,204,198,114,78,19,0,9
92,117,125,183,161,159,166,106,60,21,21
73,131,120,159,157,205,172,92,31,5,10
59,83,99,109,94,135,115,81,25,0,7
125,236,270,317,279,277,164,86,61,12,12
58,100,118,135,156,194,154,90,60,31,12
96,153,203,221,172,146,114,37,19,0,8
44,96,102,124,120,135,113,65,58,20,6
49,142,72,98,135,157,135,72,28,0,7
180,284,353,429,327,355,204,149,81,26,17
127,158,347,314,291,197,181,81,47,18,16
60,221,326,171,141,138,73,30,9,0,2
76,125,162,139,139,158,120,61,43,16,13
113,157,240,213,167,125,110,55,25,8,6
55,59,83,97,64,80,42,23,7,0,1
108,190,264,250,241,218,203,82,56,32,22
33,42,40,70,41,23,20,7,6,0,4
88,136,149,168,140,163,107,95,73,30,24
72,95,155,178,176,142,135,54,29,0,5
61,88,74,127,87,89,59,33,0,0,1
88,163,160,192,201,169,176,133,100,44,46
185,246,262,249,218,151,117,47,20,0,12
115,148,166,216,220,184,134,81,24,5,7
72,137,196,157,168,221,180,112,73,49,25
123,205,213,231,203,140,112,81,39,7,12
115,163,251,235,195,151,91,32,15,5,14
106,173,192,181,233,240,172,84,19,9,8
139,185,212,258,201,129,78,32,16,5,9
134,254,247,290,249,287,229,138,70,21,18
229,295,529,441,354,264,183,58,21,6,18
125,142,110,118,148,176,150,57,30,0,3
75,59,181,197,122,91,67,17,8,0,5
113,128,324,236,109,94,39,17,0,0,1
68,114,115,154,141,166,124,55,19,0,8
64,111,103,139,95,134,97,50,28,0,4
164,228,233,261,246,263,227,148,79,18,23
133,159,251,329,213,161,111,101,117,95,19
57,77,126,133,93,92,51,21,6,0,2
126,214,194,247,232,262,180,139,113,41,35
91,141,183,204,177,174,151,54,16,0,13
39,79,282,74,50,27,28,11,0,0,2
46,61,55,69,49,35,31,14,0,0,5
24,44,50,56,85,149,100,67,22,0,9
47,73,121,123,97,85,68,63,70,45,27
141,213,219,259,235,242,129,82,43,10,10
99,162,162,223,206,282,215,219,101,51,50
93,72,190,151,118,78,55,31,11,0,1
210,226,205,299,225,231,185,58,20,6,4
247,289,586,504,377,396,270,182,129,62,21
65,100,108,121,120,87,55,40,7,0,1
19,300,234,51,38,44,34,19,6,0,0
154,189,299,285,200,135,96,23,13,0,9
139,226,303,277,219,198,162,108,97,58,28
94,141,218,223,188,161,142,86,30,10,10
36,84,69,66,98,103,92,52,29,0,4
193,318,261,307,319,319,247,155,83,34,23
66,100,83,95,133,131,195,99,60,20,13
211,332,430,436,356,318,226,113,121,52,38
92,171,173,186,196,195,146,103,66,17,23
221,318,245,320,313,308,185,102,45,11,16
68,125,156,194,142,155,87,55,18,0,7
13,8,411,133,38,59,57,33,12,0,2
63,96,114,153,141,146,129,121,56,21,15
231,286,265,358,338,313,186,118,39,8,7
98,107,236,175,147,145,86,39,43,13,7
146,236,322,340,214,280,147,132,34,8,11
97,139,264,232,165,152,102,44,10,0,8
171,269,257,282,278,271,204,120,46,13,7
225,337,410,406,327,304,212,188,65,23,8
135,192,196,203,182,97,47,21,8,0,5
88,184,235,240,233,304,223,103,84,33,25
191,297,312,307,309,240,141,84,35,9,8
57,140,130,157,128,160,149,108,31,8,12
86,95,105,142,97,103,66,38,12,0,0
358,564,301,442,491,361,191,100,30,7,7
102,158,132,161,191,195,190,136,41,7,11
112,168,156,152,146,214,200,75,25,0,10
113,242,125,153,227,255,117,35,11,8,5
97,168,233,255,224,176,141,42,28,0,12
68,37,209,221,74,29,11,0,0,0,1
259,315,345,397,352,297,233,136,68,30,18
46,51,163,141,60,55,51,27,19,0,1
77,121,113,128,167,148,152,114,83,41,35
36,56,67,72,92,99,92,56,31,6,11
56,82,93,87,84,168,231,142,46,0,13
89,72,159,153,58,48,25,7,0,0,1
232,322,464,417,397,373,201,157,76,23,14
117,216,165,240,243,291,225,162,84,23,15
202,253,272,388,328,262,155,100,44,19,23
179,316,282,292,247,176,113,39,19,0,17
64,98,310,235,134,114,91,43,44,23,7
104,175,151,183,188,198,162,85,55,16,12
56,84,326,503,380,271,190,77,32,6,12
131,99,178,180,115,87,61,17,6,0,5
130,149,207,212,193,158,93,51,30,6,3
81,88,96,138,153,182,141,55,30,0,9
173,216,161,196,207,187,160,86,40,14,6
101,133,126,137,106,113,62,41,0,0,5
149,219,162,239,219,236,165,79,24,5,7
108,137,222,249,181,181,158,115,63,28,22
94,122,86,161,117,143,102,45,26,0,2
138,158,158,219,221,318,232,97,36,7,5
19,46,51,43,40,78,109,64,27,0,4
5,27,477,155,36,37,39,46,26,6,13
73,111,99,155,103,100,52,16,5,0,2
229,270,455,425,339,243,140,61,19,6,3
69,64,100,75,49,48,31,10,0,0,2
276,355,488,516,407,350,281,187,131,81,38
40,76,114,110,87,65,46,26,9,0,0
138,138,267,227,123,140,133,104,73,52,16
125,181,323,246,230,221,144,74,43,9,7
104,131,158,204,179,248,205,101,30,5,10
43,61,52,84,70,80,76,39,8,0,1
33,91,115,114,113,131,96,50,19,6,3
77,206,122,121,164,202,126,72,17,0,6
99,165,165,178,147,143,109,93,74,23,8
78,128,134,167,166,135,122,111,116,28,21
167,259,153,244,259,283,242,90,36,5,8
47,73,76,88,88,151,113,72,17,0,9
35,53,51,63,51,66,72,63,26,5,3
129,176,191,223,180,109,98,42,19,6,15
68,81,124,178,132,120,123,61,29,7,8
112,176,206,175,170,117,62,28,7,0,9
157,191,121,192,196,179,161,110,65,28,16
163,248,251,310,266,247,159,75,27,7,8
46,87,142,57,59,62,54,14,0,0,7
92,202,265,277,227,184,142,82,26,9,7
25,41,46,47,68,133,177,139,75,14,17
109,182,177,225,239,243,179,86,34,11,6
94,480,632,177,132,117,91,40,18,0,2
76,136,155,171,154,126,73,39,25,0,2
155,230,286,321,225,193,159,84,34,11,11
125,210,258,281,230,218,172,81,83,24,31
40,86,69,102,92,103,94,66,18,0,6
46,166,601,47,29,28,26,0,0,0,1
52,93,102,126,131,191,148,68,28,13,11
35,75,51,69,87,106,92,66,20,6,3
18,32,35,35,40,56,66,39,16,0,6
162,207,128,205,200,192,154,59,14,0,3
197,261,347,384,320,244,190,64,40,15,10
36,74,105,95,101,156,112,57,41,0,5
87,125,140,164,156,158,142,80,32,11,9
112,143,120,186,195,196,179,94,74,46,13
211,304,330,402,391,354,269,179,90,44,30
97,168,207,196,171,144,89,58,22,10,6
45,109,100,134,140,173,127,55,34,0,9
89,153,286,241,202,213,126,69,40,10,9
90,163,159,194,190,199,155,90,46,6,8
104,156,256,264,206,196,171,95,55,7,16
98,179,221,239,239,298,210,152,79,29,15
44,86,87,105,109,116,97,71,84,45,44
12,5,460,228,59,56,37,9,7,0,3
43,78,112,110,88,126,74,41,21,0,7
136,468,975,229,151,121,77,62,38,19,7
61,106,127,162,99,99,52,27,6,0,5
288,572,393,519,648,638,404,191,58,20,26
118,241,249,294,296,293,201,109,70,24,14
66,128,102,106,118,116,80,47,31,8,4
91,112,159,167,143,147,94,38,23,14,9
65,120,151,148,107,97,60,24,0,0,3
102,154,134,161,187,183,145,83,46,17,4
128,254,302,299,267,298,246,96,60,39,18
119,182,286,252,216,278,245,187,117,52,24
138,224,245,256,224,138,73,35,15,0,3
144,243,249,222,221,146,80,29,14,0,3
250,295,360,452,254,253,161,96,33,7,23
117,215,261,227,249,184,154,123,86,32,35
151,223,257,308,308,281,201,106,60,24,7
82,96,130,115,93,82,49,22,12,0,3
43,80,143,198,114,110,107,58,13,5,5
33,35,26,44,37,65,71,53,22,6,5
281,320,299,412,310,294,204,117,82,27,16
139,186,252,215,193,135,73,47,30,11,7
31,62,112,124,104,95,81,30,12,5,5
108,209,161,152,186,257,229,127,44,8,7
95,141,207,256,162,152,111,37,14,5,6
117,202,530,748,553,452,269,108,28,6,20
89,144,167,160,117,71,39,13,0,0,6
47,120,197,143,177,172,121,68,42,23,11
64,66,204,139,90,91,56,21,11,0,10
110,139,107,117,151,128,132,98,32,11,7
77,91,134,128,113,130,109,63,47,21,11
124,179,248,269,209,249,204,149,78,14,32
55,77,200,185,116,120,82,46,16,7,7
29,72,93,106,87,68,56,15,26,0,0
104,138,306,252,251,198,229,162,116,46,39
113,137,261,286,198,136,81,44,16,9,7
121,141,136,225,153,127,128,79,30,11,3
274,341,396,428,450,482,287,199,78,21,19
43,39,70,98,47,59,50,36,14,0,13
158,266,252,270,303,350,198,94,34,5,10
119,174,228,270,211,197,165,69,16,0,11
125,198,198,245,216,166,165,117,59,17,22
169,249,210,242,191,239,162,91,83,26,27
170,145,321,279,150,132,134,79,19,6,3
91,141,169,228,184,141,121,94,88,63,21
119,193,207,216,224,262,145,108,36,0,2
61,107,163,119,120,196,139,97,53,19,25
145,209,217,270,237,261,177,88,30,0,8
90,156,454,145,104,77,60,28,7,0,0
47,115,101,136,148,187,205,103,44,8,9
133,222,227,167,189,104,50,16,0,0,7
69,97,105,151,74,81,70,33,12,5,12
74,95,197,152,89,60,44,14,5,0,1
80,145,147,164,148,154,95,77,57,20,14
51,98,92,103,84,101,116,86,34,6,6
56,66,100,120,96,62,38,17,7,0,3
199,241,304,376,317,281,186,109,59,10,15
198,294,290,382,370,373,242,123,76,27,23
109,215,248,238,267,315,220,84,29,7,18
55,82,107,135,105,107,91,40,14,0,6
74,149,171,223,176,194,153,96,63,21,18
121,152,198,178,164,155,93,63,30,0,6
55,79,98,73,62,46,36,22,5,0,1
67,233,101,109,114,102,81,37,10,0,4
188,245,195,265,200,217,171,85,77,36,13
110,161,365,300,166,120,122,85,42,19,13
80,156,167,212,153,231,185,115,45,11,9
107,131,93,140,124,104,62,35,5,0,2
119,170,286,286,187,202,134,98,87,41,23
578,563,683,726,579,442,246,135,71,34,13
58,92,114,119,117,161,145,71,19,5,2
163,138,149,301,206,123,109,54,17,5,2
170,202,196,275,285,260,179,90,35,7,8
208,239,104,205,218,165,106,54,16,0,1
50,94,90,141,114,142,170,79,40,0,12
97,162,215,186,197,171,113,63,36,21,11
78,156,1055,200,113,78,86,33,15,0,5
33,62,56,65,83,110,81,62,25,0,8
151,231,431,325,287,286,199,138,90,25,28
157,228,191,280,270,245,164,129,50,21,14
69,99,114,167,111,85,79,19,7,0,1
79,114,141,122,120,72,43,17,8,0,7
178,265,200,238,156,199,146,61,33,0,12
97,135,234,162,165,97,65,11,11,0,4
120,205,227,203,163,167,124,65,28,5,3
274,312,442,496,338,251,162,71,32,7,18
143,275,285,333,298,286,184,80,74,30,21
12,23,514,214,61,77,77,31,8,0,3
85,96,114,115,92,90,67,23,9,0,3
39,54,67,77,52,45,29,13,0,0,7
244,393,319,414,404,392,302,176,73,23,16
110,207,328,513,463,364,292,133,57,12,18
345,492,562,630,571,527,293,160,91,37,31
109,152,204,254,174,196,127,77,24,5,21
223,361,403,462,354,346,287,163,66,10,29
161,169,308,247,157,102,127,93,52,46,27
153,266,230,282,257,304,211,91,40,0,9
140,191,273,322,200,158,156,78,28,6,5
70,128,119,129,145,229,191,111,29,8,2
80,84,100,110,99,134,113,72,56,17,24
126,211,207,172,198,103,82,23,9,0,5
31,51,46,53,57,88,101,75,29,0,4
129,159,146,189,190,245,169,82,35,5,10
96,147,184,214,164,117,85,54,24,15,13
58,81,133,136,138,137,159,109,75,13,18
151,245,264,217,262,147,84,29,0,5,6
64,114,136,152,171,182,141,68,38,0,7
45,90,320,137,94,87,74,41,18,0,7
116,208,241,257,239,191,206,154,64,33,17
165,212,140,208,253,230,221,95,37,6,10
52,104,105,120,143,192,137,56,13,0,6
105,174,204,238,197,140,117,65,15,0,9
28,49,39,49,46,83,62,28,18,0,2
136,197,460,242,193,178,139,89,25,9,8
106,136,236,221,196,210,131,91,73,21,13
100,171,186,254,232,291,247,173,88,39,36
168,225,227,296,251,233,180,96,65,32,11
72,166,158,165,146,150,142,65,29,0,6
148,188,246,266,232,148,136,68,39,14,24
88,110,462,198,132,93,80,32,17,5,6
146,227,175,300,300,243,186,84,34,0,13
158,196,277,347,209,240,201,113,106,40,29
31,364,720,60,42,14,13,6,0,0,0
107,197,236,183,185,109,58,26,9,5,4
89,85,273,251,165,131,128,51,16,6,5
90,186,164,174,165,213,176,71,53,27,8
79,146,146,171,155,182,191,95,47,21,12
263,322,265,384,278,256,177,135,76,36,10
68,95,175,184,151,132,91,46,22,0,4
76,142,167,182,182,198,116,51,39,0,5
106,120,266,464,380,301,173,88,23,5,11
23,65,48,51,60,69,68,29,6,0,3
77,93,204,180,151,118,80,62,26,15,14
233,236,575,514,323,203,195,121,65,28,27
162,242,192,230,211,192,213,94,64,19,19
60,86,73,60,67,49,45,27,8,0,2
219,240,382,377,306,247,228,117,57,16,14
114,188,314,309,247,277,198,121,63,12,28
103,158,183,193,191,140,124,53,21,0,9
112,214,219,208,209,171,165,95,67,48,23
44,78,66,97,108,160,176,123,50,10,7
183,304,216,279,270,284,200,122,37,11,4
195,243,165,264,225,175,102,51,9,5,5
112,206,155,187,172,267,170,108,46,10,13
51,63,92,65,73,56,34,12,0,0,1
162,215,399,373,236,213,175,69,34,17,12
26,59,53,61,63,48,28,7,0,0,2
129,225,189,230,229,331,229,121,38,7,13
77,107,161,187,144,107,57,28,14,0,7
46,100,285,128,96,75,95,79,37,19,8
284,323,456,501,321,202,136,56,27,0,8
158,196,232,304,293,336,239,132,31,6,18
55,110,136,139,126,136,75,27,6,0,3
144,168,231,194,177,227,175,74,36,15,10
345,351,784,740,447,310,232,144,100,35,24
81,132,312,203,175,189,136,89,28,12,9
216,266,209,250,198,282,170,82,28,7,6
102,120,455,340,172,147,98,58,42,39,6
96,162,115,120,121,129,120,59,43,0,9
129,167,263,269,203,167,112,45,11,0,16
107,125,209,179,164,158,123,77,38,0,7
151,158,473,352,213,191,160,96,57,23,10
22,27,49,57,53,101,98,62,20,0,6
39,74,89,83,82,86,117,91,44,10,7
70,148,103,159,128,171,119,83,50,28,9
219,306,326,315,278,181,128,54,26,0,12
70,102,207,224,141,160,171,87,53,22,11
101,159,193,177,129,115,73,19,11,0,7
363,483,382,368,383,350,251,111,38,5,3
42,64,63,70,86,118,118,87,64,21,13
53,73,92,125,79,60,56,24,8,0,11
181,256,203,220,243,215,136,63,20,9,4
198,268,302,279,215,153,65,26,11,0,8
187,272,524,480,319,327,260,120,57,38,27
126,204,233,251,182,125,101,44,24,0,20
52,58,133,116,94,71,62,37,13,0,3
57,105,100,147,145,184,176,116,31,15,15
167,186,228,259,183,168,111,53,26,0,7
45,74,89,127,84,62,28,11,7,0,1
92,104,207,255,153,155,146,79,40,6,17
58,131,100,92,113,129,123,99,38,10,11
176,270,244,302,277,275,202,92,35,12,18
99,182,201,191,238,241,183,98,54,19,14
207,228,236,364,281,235,197,102,44,7,6
53,63,73,117,101,62,62,34,10,0,2
194,294,244,282,361,359,252,150,88,35,20
229,288,427,447,361,310,229,135,78,37,50
87,171,227,240,237,233,148,54,29,8,8
139,179,166,238,200,199,141,85,48,12,10
99,175,171,197,176,152,117,43,29,0,4
178,208,482,314,194,159,134,63,27,0,6
40,66,65,70,92,113,124,85,36,6,5
78,127,126,113,123,91,71,51,15,10,4
72,121,163,170,129,130,103,29,6,0,4
39,64,140,121,84,67,41,19,10,0,3
76,125,121,130,128,147,131,91,44,17,26
19,78,542,178,47,65,34,17,10,0,1
30,73,78,75,85,95,93,47,25,0,2
59,92,88,124,147,139,115,98,39,6,16
109,131,208,293,166,138,102,42,42,18,13
114,176,297,315,248,185,127,45,13,5,10
144,197,154,187,192,229,193,99,25,0,6
38,84,86,82,105,131,130,81,22,5,12
213,263,174,213,215,233,256,174,77,19,14
85,118,155,146,98,97,54,21,0,0,2
70,141,149,179,158,190,154,102,53,16,12
109,133,127,163,179,203,170,94,33,5,6
155,226,298,356,355,415,247,124,106,73,52
175,299,413,425,329,310,234,132,64,19,21
79,134,172,187,178,217,154,102,38,7,10
59,56,62,117,87,90,82,31,12,5,3
198,266,370,336,242,263,200,119,86,22,20
66,102,169,204,155,198,160,117,65,15,19
20,28,191,54,47,26,17,5,0,0,1
149,242,270,203,247,127,64,19,12,6,4
92,161,244,236,192,216,136,79,26,6,15
23,27,37,40,56,57,55,34,14,0,5
93,131,151,177,188,190,160,86,28,7,4
84,87,129,147,108,91,84,27,20,6,4
102,146,136,170,145,168,132,61,17,0,6
62,69,113,85,112,80,50,31,11,0,0
139,238,370,403,347,295,234,125,74,27,40
240,221,469,426,293,199,130,75,44,13,8
68,88,243,165,106,84,52,29,6,12,1
115,205,200,268,214,253,161,95,32,12,14
20,50,28,25,48,37,48,23,8,0,6
117,159,187,202,153,139,113,59,30,5,7
203,342,334,372,361,394,244,103,37,7,8
68,71,111,106,75,77,44,32,10,0,5
132,174,228,234,201,211,167,119,44,14,17
98,134,237,246,176,138,125,43,15,5,3
86,89,126,163,85,65,46,9,5,0,3
31,60,66,58,64,76,52,31,30,0,9
174,289,389,398,354,316,253,145,86,14,25
204,218,229,318,277,227,156,90,33,7,6
172,271,244,287,254,263,171,72,45,14,6
69,206,149,221,180,215,243,92,51,12,9
116,217,242,282,277,260,246,120,51,13,17
91,112,165,188,153,137,110,58,30,0,4
200,251,319,320,276,254,179,148,108,65,35
55,105,91,107,102,106,79,44,24,7,9
216,398,339,405,465,392,192,138,26,12,20
289,335,277,327,414,364,284,131,65,12,13
89,156,142,186,155,167,135,61,37,12,14
144,258,256,299,280,331,242,154,92,44,32
50,68,90,113,76,46,40,18,8,0,5
118,204,210,203,215,231,197,143,78,24,15
71,107,87,121,87,139,119,72,46,26,12
167,286,188,225,263,317,195,93,32,0,7
868,1106,1162,1236,1077,1024,686,390,171,66,31
35,66,71,87,115,138,142,104,36,10,10
176,213,368,376,231,218,148,51,13,10,9
140,150,299,269,154,133,99,60,34,19,16
46,151,109,115,124,115,99,60,18,5,6
87,190,292,258,222,189,133,101,78,31,29
163,183,297,303,261,235,141,65,74,36,24
69,109,120,163,116,122,111,53,40,20,17
93,125,128,159,103,86,56,17,0,0,4
40,75,88,107,101,149,88,43,26,6,9
78,184,126,148,173,199,193,112,55,20,7
92,171,201,257,215,179,153,121,65,51,17
118,151,127,152,138,107,91,53,17,0,6
56,98,103,111,95,103,97,69,38,21,12
299,230,261,313,232,243,131,89,26,11,7
320,272,222,388,354,234,90,52,23,7,3
171,233,512,459,353,270,191,84,34,8,20
146,190,401,371,252,157,136,70,22,0,4
230,259,332,394,248,157,122,56,10,0,5
55,115,202,177,149,101,85,42,38,21,9
162,167,148,197,177,172,102,64,28,17,12
38,48,166,165,80,37,37,8,0,0,1
98,145,319,242,214,246,165,86,47,12,16
18,31,55,49,57,83,91,40,8,0,2
92,108,160,156,131,130,113,92,90,45,22
157,233,267,249,217,186,123,67,45,33,12
73,144,238,338,271,286,180,78,33,11,16
59,92,167,134,91,102,65,54,29,0,5
105,157,227,258,212,186,174,107,48,17,20
86,137,171,225,188,201,130,67,21,0,10
179,248,128,197,262,266,200,113,65,35,10
92,140,213,255,180,136,120,48,15,0,8
129,190,243,271,226,193,166,88,44,9,16
103,210,166,167,223,250,213,110,34,0,7
390,459,570,590,446,348,341,241,114,34,15
56,99,98,86,103,132,94,51,30,0,2
184,229,341,362,291,289,147,88,29,10,9
50,73,46,74,82,97,79,55,12,0,3
118,216,259,311,281,380,299,172,104,20,18
86,160,138,183,160,210,129,77,27,12,8
153,217,305,371,266,200,152,71,35,6,11
82,118,175,183,137,155,120,105,42,33,20
106,139,123,131,127,117,81,32,11,0,5
136,227,313,365,304,248,199,122,82,56,33
186,329,220,265,326,422,293,101,43,6,10
140,224,253,270,237,217,166,92,30,9,8
91,148,122,141,173,210,141,80,13,0,6
116,177,236,269,227,194,152,83,30,9,14
154,157,158,160,178,148,95,54,12,0,2
149,234,215,291,302,320,267,114,43,5,10
192,236,182,260,238,300,207,119,34,6,14
197,304,437,448,353,344,189,86,34,0,9
158,199,205,229,193,200,176,78,34,0,8
111,163,127,147,191,286,231,99,33,7,7
138,229,478,359,269,242,149,87,41,7,15
371,433,253,316,461,393,267,209,68,9,8
105,135,166,213,201,192,151,90,21,0,6
34,55,78,78,104,126,76,51,18,0,6
31,57,72,68,54,92,114,82,51,23,9
187,205,186,236,233,188,191,116,36,6,9
116,156,315,276,207,126,100,53,25,8,9
167,233,284,324,262,281,238,190,77,35,20
160,191,313,276,200,157,124,85,26,0,7
111,192,116,177,205,202,201,127,61,25,16
133,185,398,322,215,234,162,89,37,7,9
55,52,90,117,102,64,45,17,10,0,1
88,229,432,304,260,306,201,115,79,25,25
113,247,175,175,264,310,253,91,32,7,3
92,148,183,189,135,122,83,45,23,6,6
110,210,182,238,275,332,203,145,85,42,17
38,67,47,58,80,60,79,50,10,0,7
156,196,256,238,220,200,136,65,32,6,9
244,344,356,327,343,295,200,124,48,8,6
173,241,271,271,304,321,243,186,114,44,25
108,141,212,258,239,252,152,63,23,9,17
139,181,207,235,192,178,112,83,57,12,28
50,60,85,70,52,33,36,17,8,0,7
145,196,258,254,244,185,88,27,8,0,7
20,52,60,51,64,81,97,41,13,0,5
141,187,278,327,195,149,89,28,11,0,4
105,194,234,307,231,261,216,132,65,31,25
205,220,319,375,215,130,105,34,9,0,8
39,96,99,119,112,104,102,38,16,5,7
93,123,283,299,175,135,74,35,12,0,15
201,182,249,353,226,159,87,37,5,0,3
135,161,179,192,185,232,153,65,32,11,13
51,95,124,185,166,202,162,77,24,0,12
209,377,420,387,402,220,133,73,33,9,16
37,70,115,80,82,114,100,51,9,0,8
117,146,206,240,204,200,149,97,77,19,21
163,224,369,316,258,258,253,152,86,26,27
78,98,92,129,88,70,51,31,32,12,4
12,48,45,52,57,67,69,47,24,5,7
61,45,68,105,59,43,47,25,10,5,4
96,127,101,180,178,93,68,58,44,52,4
33,71,56,74,94,111,96,50,32,10,11
0,676,142,5,0,0,0,0,0,0,0
101,142,146,201,203,217,152,74,31,0,5
19,27,262,108,60,33,29,11,0,0,2
135,215,246,305,272,292,163,105,45,10,7
78,106,227,205,162,145,128,41,21,7,6
182,305,412,406,365,376,218,172,74,27,32
171,258,345,309,241,236,168,130,94,39,18
73,132,158,146,170,230,160,90,45,0,13
126,146,206,224,190,226,203,118,32,0,5
127,142,121,136,154,125,94,56,21,0,0
31,48,47,67,44,39,34,7,7,0,4
362,384,396,561,531,619,351,148,35,6,15
45,114,93,105,115,162,153,109,61,34,20
191,272,399,487,389,341,257,175,114,39,34
135,173,185,198,164,159,108,60,24,6,6
163,130,221,270,198,188,182,146,171,49,31
93,125,165,173,158,150,81,45,13,7,6
207,249,326,407,280,224,149,95,61,21,19
54,160,153,216,199,279,191,108,46,10,16
96,157,174,228,171,133,90,30,10,0,3
39,71,98,110,94,103,61,37,14,6,6
53,78,120,79,63,50,32,9,0,0,3
193,268,314,280,254,218,154,73,22,5,2
57,100,117,124,136,135,112,65,27,9,8
147,218,236,278,243,208,200,154,118,55,34
177,264,205,272,278,265,219,119,46,23,19
104,175,154,177,145,191,145,87,47,19,8
100,170,158,200,206,221,164,75,26,6,7
49,64,59,83,95,140,250,143,82,17,19
88,93,159,151,116,117,65,38,19,0,7
115,142,197,277,183,195,142,103,58,33,24
115,189,335,253,217,185,162,90,42,7,9
200,269,268,365,286,262,189,104,85,42,24
24,41,41,41,67,60,64,48,13,5,0
50,90,69,111,97,100,85,49,27,20,4
77,122,138,115,116,128,66,56,29,21,8
124,206,270,317,275,178,135,82,59,38,25
176,270,419,343,305,296,235,149,43,0,20
56,90,341,167,112,82,67,32,13,7,7
114,130,96,135,121,117,127,58,35,21,18
26,126,580,43,20,15,19,10,7,0,0
65,126,131,137,134,217,153,70,28,6,8
53,61,58,85,91,97,77,89,57,35,9
196,304,275,471,311,236,182,114,56,10,7
28,369,1279,91,57,43,35,25,9,0,5
101,304,616,163,122,114,80,58,35,23,7
128,177,242,294,218,184,112,41,12,0,5
154,218,245,238,237,224,173,140,65,28,15
128,219,187,218,231,257,149,64,21,0,12
27,25,102,83,60,75,56,32,0,0,2
77,117,130,120,140,174,154,96,38,0,9
372,609,382,494,544,432,238,100,44,16,8
285,338,253,427,367,223,164,96,45,15,12
66,61,234,161,87,69,43,64,73,54,10
35,82,215,147,105,87,61,34,12,6,7
46,57,141,100,48,52,37,18,5,0,7
168,257,231,258,240,282,252,75,28,0,8
193,320,223,330,378,370,204,118,31,6,9
97,188,194,217,239,311,229,108,38,7,5
181,271,481,461,347,290,168,95,66,41,16
133,210,240,310,257,284,211,162,66,10,11
90,169,156,195,180,218,164,95,27,0,9
81,96,138,129,102,60,46,25,10,5,8
84,140,219,251,208,231,185,124,70,24,19
98,151,189,227,197,219,184,96,65,21,10
181,296,226,231,252,231,206,97,47,7,12
224,361,353,364,409,445,324,159,44,0,11
41,573,506,71,55,62,35,23,13,0,1
23,53,899,224,68,50,35,18,0,0,2
52,70,149,155,111,114,81,35,30,26,10
141,208,268,282,294,308,212,114,49,10,22
262,262,414,505,313,211,117,38,19,0,2
14,68,633,140,28,18,19,9,0,0,0
10,24,28,43,46,75,57,49,10,0,6
109,125,195,285,162,142,94,53,9,5,6
367,441,320,513,496,395,350,159,95,36,25
6,0,235,107,49,39,44,66,72,59,18
141,280,320,278,297,278,221,162,68,20,10
174,244,206,258,228,308,213,126,31,5,8
152,178,118,162,178,205,130,72,21,0,1
31,31,28,59,37,81,62,24,7,0,0
47,91,50,47,67,77,46,56,52,17,9
130,216,108,168,222,190,138,67,59,8,7
95,115,199,168,128,132,111,71,56,26,15
124,143,212,197,173,131,97,43,14,0,4
65,52,131,171,87,76,58,24,9,0,5
33,45,104,118,73,51,30,19,0,0,1
133,221,220,307,218,247,189,83,36,0,10
67,124,80,116,125,159,182,121,77,15,21
89,149,169,183,157,187,180,103,39,0,15
66,145,156,147,137,167,124,68,49,17,17
43,80,117,119,131,153,110,97,53,14,12
192,212,304,348,278,252,249,167,134,39,39
0,514,1172,12,9,16,8,0,0,0,1
125,184,177,191,155,222,172,104,36,10,4
221,316,412,444,386,350,285,150,125,67,49
73,92,96,108,96,51,40,14,0,0,5
81,135,147,224,143,142,97,93,31,5,7
127,228,169,209,247,283,183,108,48,12,13
94,111,181,199,109,111,45,27,5,0,8
117,134,174,220,191,127,103,56,31,9,4
90,137,191,242,189,138,186,140,72,34,29
172,316,197,249,286,383,320,165,67,32,17
94,123,199,166,148,125,112,40,16,0,8
89,113,151,157,122,112,79,24,5,0,8
167,234,236,299,279,274,176,97,39,12,9
386,430,595,711,540,367,219,123,87,52,15
178,276,238,298,292,282,235,80,25,8,6
100,129,118,131,104,102,110,74,47,10,10
159,236,137,199,244,236,152,90,25,7,9
101,168,180,209,222,233,208,101,34,0,10
21,41,42,48,60,86,81,52,13,9,4
240,319,208,226,313,285,236,162,120,70,24
103,114,234,246,142,122,77,71,102,92,33
192,255,403,375,265,223,172,105,43,19,19
63,74,139,131,89,87,72,27,16,0,7
231,342,247,389,396,377,236,135,75,15,21
35,61,50,72,81,112,120,89,18,0,8
187,323,256,283,369,341,243,118,53,14,12
124,188,193,231,227,199,198,161,79,27,11
95,114,256,145,103,77,41,11,0,0,2
159,220,298,368,257,187,181,105,105,80,25
100,124,150,202,150,139,94,55,46,18,9
111,145,107,151,130,127,129,72,49,14,8
84,77,212,154,107,113,123,94,71,43,32
85,104,136,145,118,87,75,37,29,16,12
58,85,115,111,126,99,84,40,10,0,11
31,31,87,108,84,53,45,38,7,0,0
70,115,128,132,97,100,61,30,11,0,8
37,73,66,79,75,98,85,75,43,11,7
112,190,172,169,88,136,105,48,26,0,5
77,207,241,184,221,255,206,115,55,31,13
84,137,319,202,153,130,114,43,13,7,8
99,206,165,253,223,205,106,67,30,6,14
76,137,181,180,188,181,153,118,45,17,19
64,94,160,164,109,131,96,42,10,0,4
72,110,110,154,140,132,114,43,17,0,2
269,234,441,474,295,223,152,84,38,11,8
25,55,37,63,63,94,61,41,18,0,3
52,85,155,72,83,87,70,38,26,7,8
99,164,77,119,148,137,106,119,61,9,11
180,256,209,294,257,326,240,143,42,9,11
87,120,95,165,154,164,155,87,17,7,2
87,126,130,189,147,108,95,41,7,0,7
72,116,129,143,135,169,153,96,55,28,24
113,161,143,165,208,229,189,121,47,13,11
114,146,146,178,150,171,161,95,48,7,10
227,319,326,327,328,323,253,139,47,8,9
96,169,176,193,187,159,140,79,55,18,15
160,226,210,312,258,259,193,115,40,9,5
61,92,100,111,104,125,107,55,23,0,2
192,309,314,345,336,336,204,121,50,6,14
63,59,185,201,99,103,77,33,5,0,3
94,218,190,230,182,189,121,90,74,34,14
216,275,306,420,300,243,169,127,71,27,13
30,121,49,98,158,159,92,36,15,0,5
82,153,148,169,181,182,177,132,35,8,7
92,173,178,208,193,222,142,74,30,8,14
145,222,195,268,236,269,172,103,56,13,15
226,303,315,429,356,279,176,96,48,0,12
99,132,203,192,149,188,162,81,43,10,8
149,257,344,347,323,302,172,117,34,12,7
149,318,309,353,357,316,209,93,46,11,21
170,263,640,398,342,448,286,169,112,68,68
67,126,133,165,197,198,135,64,28,10,11
150,236,193,205,271,405,314,139,35,12,13
106,190,204,209,200,236,214,163,59,22,16
82,132,120,139,133,98,76,42,14,5,7
86,78,144,147,104,74,42,16,5,0,3
74,215,447,218,174,146,103,76,64,51,36
109,143,177,212,140,124,69,19,5,0,5
148,185,359,347,232,226,174,98,42,19,12
68,61,98,73,80,44,22,29,8,0,0
186,265,277,306,297,370,285,125,114,37,30
114,112,566,437,216,168,131,59,8,0,3
160,289,227,347,325,337,246,114,42,11,13
173,230,209,229,261,201,183,96,45,15,8
126,138,199,277,206,141,119,77,58,69,21
111,189,191,181,133,108,44,21,6,0,6
50,77,102,104,113,107,129,76,38,0,6
344,389,215,353,370,334,217,98,75,30,15
69,78,105,156,90,83,53,26,11,0,1
51,71,104,114,110,132,123,53,27,0,9
63,299,1488,147,63,66,56,32,17,0,6
142,222,295,299,299,250,196,108,50,13,8
96,154,202,240,216,291,238,105,55,6,13
24,44,35,74,75,111,96,45,34,7,8
106,142,431,222,99,78,67,59,94,62,13
92,169,114,161,185,227,188,105,44,5,17
53,125,406,112,71,83,54,32,8,0,1
107,156,264,258,213,196,138,81,34,9,10
63,101,103,127,113,160,142,69,29,7,10
53,108,99,113,123,153,119,50,38,0,2
81,90,78,105,105,54,57,27,17,6,0
116,207,301,315,279,272,183,120,62,23,17
144,262,265,289,269,237,183,131,87,44,23
170,164,189,209,162,139,71,48,45,25,10
105,209,172,217,245,225,147,94,35,7,6
73,184,207,202,192,214,128,63,30,8,16
86,146,231,198,173,147,89,33,8,8,8
224,320,690,426,331,276,210,115,51,12,19
26,81,78,102,79,83,84,58,36,25,5
95,130,203,193,180,182,105,52,19,0,15
46,57,430,237,75,65,46,18,0,0,1
120,162,302,321,207,213,141,50,21,5,9
97,191,276,265,212,201,180,73,43,50,21
96,118,117,144,151,172,112,85,31,0,6
144,230,273,293,301,251,226,183,77,16,23
183,332,425,444,348,303,244,108,39,19,15
91,110,102,164,138,119,132,76,25,0,6
113,198,191,224,195,188,141,77,18,7,12
184,241,256,305,299,235,165,111,85,30,17
143,207,234,250,211,302,196,98,32,7,5
91,151,350,398,278,274,196,97,48,7,17
57,71,103,118,66,79,53,31,24,10,5
82,95,182,225,146,155,120,42,29,0,6
186,258,338,350,286,294,176,71,40,5,13
84,152,172,210,198,233,175,111,51,29,25
16,23,702,194,82,64,72,55,19,0,5
112,241,288,303,285,273,245,157,96,39,24
123,238,306,293,244,225,186,105,54,24,26
37,37,82,73,63,34,35,8,0,0,2
139,178,236,385,278,191,115,40,12,0,3
75,129,144,148,150,125,94,87,61,44,13
111,156,249,241,168,171,153,27,10,0,5
291,375,391,402,439,506,321,193,118,44,32
151,297,289,274,299,267,199,126,100,44,37
112,205,260,287,216,207,197,102,69,13,23
533,515,427,632,623,451,269,119,55,12,15
36,68,87,98,75,63,34,22,5,0,4
12,45,15,36,24,61,80,55,20,0,13
91,127,145,180,170,179,135,63,19,0,8
41,58,90,96,70,76,79,75,43,17,10
44,82,86,128,104,132,148,79,32,7,13
112,197,179,199,198,213,177,167,80,40,21
113,153,154,216,178,154,129,97,57,27,15
203,257,234,340,247,231,199,106,40,0,9
108,160,277,268,179,180,151,81,36,13,19
87,140,203,261,184,139,124,64,19,0,8
95,157,134,156,183,204,172,88,31,0,15
79,86,107,128,91,119,102,58,12,5,1
75,89,137,200,124,97,81,25,0,0,1
43,72,70,85,91,115,120,68,27,0,9
53,147,94,163,167,219,135,77,45,0,6
97,124,205,203,184,192,122,63,17,0,12
83,152,114,163,152,184,144,96,88,47,27
136,307,175,211,318,344,226,97,19,0,5
112,196,245,324,255,350,250,133,65,23,18
122,192,145,193,226,255,178,98,22,5,1
135,184,224,236,250,356,249,153,55,7,7
219,325,348,285,250,213,109,48,11,0,16
172,227,195,277,284,270,227,167,81,37,25
152,167,279,266,237,212,158,108,56,33,10
55,135,130,148,172,196,129,51,25,0,9
118,155,178,165,140,160,135,72,43,11,2
161,258,374,378,266,243,129,57,10,0,12
89,111,125,162,107,144,133,74,41,9,9
96,104,209,200,136,139,84,40,19,0,4
55,79,80,121,89,83,30,16,6,0,3
199,302,178,279,321,366,258,128,33,9,11
96,144,190,194,139,85,77,21,9,0,1
167,161,212,284,196,121,75,46,11,0,3
120,130,207,217,196,233,171,97,90,33,22
70,79,156,137,105,80,37,21,13,0,2
97,107,198,237,154,174,74,37,8,0,9
141,252,191,241,250,324,243,100,29,14,12
77,197,139,176,183,205,132,56,25,0,5
84,137,178,218,148,108,69,34,20,8,11
55,71,53,81,60,75,42,31,6,0,4
84,117,126,156,130,184,125,77,24,15,10
117,163,313,319,236,181,129,47,13,0,6
201,248,269,299,297,336,202,78,19,5,6
111,210,140,199,245,304,156,63,19,0,4
176,274,353,322,259,218,137,57,16,0,12
143,248,1099,1383,922,630,367,96,54,12,31
154,194,385,344,211,215,172,71,19,0,11
100,202,170,191,188,228,136,63,23,0,6
79,134,128,164,117,126,50,32,9,0,8
84,165,342,571,453,411,265,141,45,27,12
65,85,134,160,113,112,123,55,26,7,7
64,92,134,144,97,96,74,31,13,0,3
119,165,120,174,203,186,132,89,21,7,10
96,135,310,253,185,170,117,91,86,67,35
106,245,223,254,235,211,128,87,47,7,35
192,224,358,332,246,206,124,56,23,5,10
103,154,328,277,171,150,88,41,15,0,0
58,103,121,127,100,128,117,39,12,5,4
67,93,123,111,93,85,55,23,6,0,4
286,306,423,421,351,317,217,135,58,15,12
99,133,140,162,160,143,135,69,28,6,4
43,63,87,105,83,107,123,62,63,30,16
148,189,217,263,195,182,153,81,28,20,14
29,46,45,42,70,75,87,58,24,0,6
67,110,171,183,162,93,95,41,24,9,12
131,125,153,208,152,162,135,51,17,8,3
126,144,160,175,160,187,165,77,14,0,3
304,362,422,484,423,476,232,110,37,8,2
62,76,154,177,142,135,99,94,82,105,34
76,99,167,129,106,125,72,46,28,9,11
102,91,62,108,79,70,50,25,13,0,5
193,277,168,245,316,315,207,106,86,41,16
131,167,387,346,188,152,132,59,32,20,9
103,194,212,200,195,257,124,57,41,7,6
146,199,305,313,246,187,164,49,16,0,13
106,182,200,256,217,249,169,121,34,10,12
276,317,254,277,341,177,96,54,45,25,12
72,149,135,194,145,180,121,75,19,9,3
16,27,69,52,41,52,58,26,9,0,1
161,237,248,287,277,228,174,67,6,5,17
79,110,114,130,114,124,141,62,34,9,6
63,85,92,123,135,133,95,62,22,5,8
131,190,176,219,236,244,177,120,43,12,9
103,115,88,140,125,139,145,59,22,0,7
41,60,45,66,59,93,67,47,21,0,3
136,149,222,237,192,164,124,35,9,0,8
70,133,141,163,162,174,137,49,18,0,3
25,64,47,88,90,124,110,86,38,7,12
252,365,332,462,408,387,235,152,54,11,7
101,149,211,181,164,118,59,23,6,0,8
60,49,268,245,114,89,62,13,5,0,0
176,269,386,398,210,156,146,138,100,57,18
81,103,158,185,117,134,116,79,76,59,30
118,154,322,266,231,223,226,149,125,39,22
152,177,244,234,193,199,138,42,18,0,5
123,144,223,273,191,153,83,24,14,0,4
92,200,249,225,204,356,245,172,104,57,25
317,530,506,602,666,550,341,149,37,6,13
110,249,181,150,208,323,218,112,64,32,16
111,161,114,149,155,223,151,72,12,0,7
53,104,146,171,158,188,144,71,54,29,34
93,125,185,221,145,121,77,49,10,6,0
94,164,157,181,191,213,136,78,23,0,4
146,260,306,244,212,159,90,38,15,0,7
57,101,128,152,170,231,186,89,29,5,8
68,107,144,137,115,82,50,19,7,0,3
113,132,219,223,155,172,196,122,147,83,57
76,145,177,186,187,180,111,66,20,5,11
39,31,68,63,42,47,31,10,0,0,1
70,105,96,142,132,199,172,144,71,13,17
87,105,279,211,185,145,211,105,72,74,18
115,213,172,226,262,271,174,117,37,11,12
91,146,120,153,139,166,140,83,20,0,5
103,102,106,138,113,78,61,38,12,0,3
39,86,87,95,104,151,123,75,26,0,9
142,252,243,350,297,328,284,168,80,19,19
177,206,164,212,204,211,138,54,17,0,2
211,241,341,335,223,147,93,61,23,6,11
333,343,440,507,329,302,205,121,74,48,22
126,215,1013,392,211,202,121,66,18,0,15
106,197,228,242,243,172,139,107,74,35,12
127,128,123,117,118,147,143,75,30,0,8
142,231,505,524,364,293,211,120,76,39,25
65,137,109,148,146,165,133,81,33,6,6
166,276,358,350,365,377,315,124,49,16,22
148,244,236,284,268,300,282,145,75,17,16
99,177,213,227,200,104,54,26,0,0,3
77,109,168,180,151,146,103,91,93,72,26
132,229,225,269,201,197,159,103,62,27,20
67,146,150,150,160,204,131,79,32,0,16
205,274,254,337,314,386,294,168,69,14,15
86,119,99,129,94,69,35,16,5,0,4
153,176,324,315,202,221,142,72,36,19,9
155,224,547,358,247,225,163,99,56,20,16
50,162,896,124,81,72,50,26,0,0,1
219,328,372,422,409,295,254,123,65,23,27
105,177,140,180,166,161,113,79,19,5,5
85,185,206,184,199,336,225,84,29,0,10
121,205,278,272,212,160,102,40,16,0,9
205,233,289,365,261,201,146,67,11,0,6
158,303,254,345,319,419,350,155,54,9,15
161,250,239,295,308,352,233,127,100,59,22
101,154,252,187,158,216,128,87,35,5,11
44,72,146,123,95,87,50,13,5,0,4
173,208,286,239,248,145,73,22,12,0,6
104,149,175,221,185,180,131,77,29,5,12
155,119,296,358,248,160,98,49,6,0,1
234,367,301,356,416,451,293,133,46,8,5
110,147,178,186,111,104,59,23,6,0,6
48,60,51,65,63,111,93,63,19,5,4
30,72,66,77,90,100,94,42,16,0,4
57,86,159,183,125,110,85,29,11,7,11
115,182,232,231,234,243,175,84,48,10,12
62,65,159,227,130,118,75,38,5,5,0
181,258,310,284,255,231,241,177,183,93,31
97,155,148,179,168,189,168,101,54,14,20
134,179,243,312,175,127,79,52,20,10,11
75,86,202,161,116,93,75,47,36,25,10
200,174,213,320,259,128,61,32,12,0,2
19,36,626,325,173,187,107,32,15,0,1
81,87,177,165,77,72,50,27,8,0,2
73,90,96,120,83,99,81,32,13,0,15
119,169,157,217,172,175,158,98,48,6,13
131,145,216,193,162,150,83,37,11,0,9
95,169,168,208,206,295,243,199,88,42,13
125,195,227,225,192,208,152,114,51,9,9
102,116,140,157,135,157,140,71,22,0,9
24,73,352,470,316,260,141,56,11,0,7
100,175,226,244,231,226,187,114,48,15,14
347,474,302,465,493,388,197,132,45,22,9
187,303,238,337,286,300,202,99,41,7,9
50,94,77,77,104,136,87,59,34,7,8
108,170,213,257,206,146,108,54,31,5,9
52,68,69,106,68,54,45,20,10,6,9
149,285,337,326,293,236,153,64,29,7,25
85,116,121,136,145,124,122,89,41,23,11
74,155,191,201,186,186,132,115,67,30,19
95,122,227,195,175,102,90,43,6,5,6
94,151,251,205,171,138,79,52,21,0,12
133,138,189,177,136,127,118,84,39,19,2
174,201,237,268,166,116,96,44,13,0,10
430,491,342,605,604,509,259,134,49,16,10
140,187,184,224,195,155,155,107,89,38,13
119,207,238,280,291,337,218,127,54,20,18
126,149,232,314,208,216,186,89,39,12,12
97,195,206,239,222,162,180,117,53,14,21
235,332,287,389,376,401,299,190,46,15,18
128,192,179,213,244,274,227,139,59,10,9
220,382,579,468,478,558,374,188,95,49,55
113,171,470,360,241,180,175,90,102,42,48
54,91,137,133,114,102,74,42,23,8,3
161,221,260,229,201,146,88,47,15,0,11
86,201,206,202,240,317,225,138,48,0,7
80,102,125,124,104,71,70,36,6,0,6
268,358,277,415,355,332,215,107,47,7,5
81,116,90,145,118,113,70,36,9,0,2
118,156,197,215,114,114,83,19,0,0,5
